{
  "literal_single": {
    "speedup": 18.801875498702852,
    "target_met": false
  },
  "literal_batch": {
    "speedup": 9.781268819689306,
    "target_met": false
  },
  "word_single": {
    "speedup": 22.98006076144257,
    "target_met": false
  },
  "word_batch": {
    "speedup": 13.222148809348557,
    "target_met": false
  },
  "regex_match": {
    "speedup": 23.574235648856984,
    "target_met": false
  }
}